id,first_name,last_name,email,gender,ip_address,age
1,Christina,Perkins,cperkins0@toplist.cz,Female,79.105.242.26,14
2,John,Morales,jmorales1@webs.com,Male,1.227.84.57,38
3,Katherine,Holmes,kholmes2@paginegialle.it,Female,208.59.21.217,67
4,Judith,Collins,jcollins3@springer.com,Female,69.59.68.175,69
5,Mary,Chavez,mchavez4@clickbank.net,Female,33.88.183.53,29
6,Mildred,Berry,mberry5@fc2.com,Female,228.102.76.198,41
7,Phillip,Russell,prussell6@google.it,Male,210.160.192.151,54
8,Catherine,Sanchez,csanchez7@ask.com,Female,203.124.90.213,25
9,Sharon,Hamilton,shamilton8@washingtonpost.com,Female,122.245.240.4,18
10,Margaret,Reynolds,mreynolds9@de.vu,Female,71.147.234.100,77
11,Kathryn,Carter,kcartera@youtu.be,Female,10.34.214.191,32
12,Ruby,Welch,rwelchb@cnn.com,Female,75.58.252.225,78
13,Bobby,Thompson,bthompsonc@dmoz.org,Male,246.96.187.70,79
14,Shirley,Reed,sreedd@bravesites.com,Female,219.248.244.90,48
15,Antonio,Holmes,aholmese@apache.org,Male,188.110.77.178,19
16,James,Johnson,jjohnsonf@hugedomains.com,Male,21.201.28.155,37
17,Christine,Miller,cmillerg@mapquest.com,Female,102.171.87.148,54
18,Gerald,Jenkins,gjenkinsh@hubpages.com,Male,122.49.118.134,39
19,Jonathan,Day,jdayi@pbs.org,Male,239.55.154.188,28
20,Kathleen,Tucker,ktuckerj@ustream.tv,Female,138.43.175.47,69
21,Joan,Howard,jhowardk@networkadvertising.org,Female,148.197.19.196,80
22,Bonnie,Frazier,bfrazierl@gov.uk,Female,92.151.221.73,21
23,Carolyn,Fernandez,cfernandezm@com.com,Female,4.113.35.196,73
24,Linda,Daniels,ldanielsn@prnewswire.com,Female,215.21.196.76,52
25,Gerald,Wagner,gwagnero@globo.com,Male,8.1.220.188,66
26,Anne,Daniels,adanielsp@gmpg.org,Female,141.139.0.30,52
27,Ashley,Martin,amartinq@unicef.org,Female,239.187.117.229,71
28,Willie,Banks,wbanksr@admin.ch,Male,17.118.235.103,46
29,Gerald,West,gwests@timesonline.co.uk,Male,162.188.175.240,32
30,Diane,Sanchez,dsanchezt@barnesandnoble.com,Female,67.247.57.5,15
31,John,Powell,jpowellu@marketwatch.com,Male,14.133.165.124,66
32,Laura,Boyd,lboydv@elpais.com,Female,134.209.161.5,36
33,Terry,Adams,tadamsw@ebay.com,Male,166.168.188.212,58
34,Mildred,Adams,madamsx@ustream.tv,Female,55.10.140.210,63
35,Shawn,Garrett,sgarretty@google.de,Male,192.241.35.148,25
36,Lisa,Fuller,lfullerz@google.pl,Female,43.211.72.56,77
37,Brandon,Gutierrez,bgutierrez10@myspace.com,Male,250.60.15.120,37
38,Harold,Weaver,hweaver11@hugedomains.com,Male,78.72.187.75,66
39,Jesse,Sullivan,jsullivan12@shareasale.com,Male,8.112.8.213,52
40,Jeremy,Castillo,jcastillo13@reddit.com,Male,40.113.195.66,21
41,Joe,Thomas,jthomas14@gnu.org,Male,96.68.88.59,21
42,Juan,Lawson,jlawson15@bing.com,Male,255.226.183.121,68
43,Alan,Hunter,ahunter16@lulu.com,Male,37.174.212.86,70
44,Dennis,Fox,dfox17@salon.com,Male,98.201.137.239,46
45,Tammy,Ward,tward18@comcast.net,Female,23.232.182.48,78
46,Jeremy,Chapman,jchapman19@youku.com,Male,251.59.45.56,38
47,Sean,Wagner,swagner1a@shinystat.com,Male,9.144.254.195,21
48,Jerry,Adams,jadams1b@prnewswire.com,Male,203.150.191.48,58
49,Kenneth,Johnston,kjohnston1c@gmpg.org,Male,58.206.151.56,18
50,Carol,Murphy,cmurphy1d@unblog.fr,Female,36.218.195.171,67
51,Judy,Ferguson,jferguson1e@smh.com.au,Female,73.77.128.221,59
52,Harold,Scott,hscott1f@wsj.com,Male,141.253.2.3,10
53,Ernest,Hill,ehill1g@usnews.com,Male,221.249.182.161,21
54,Paul,Ross,pross1h@qq.com,Male,147.174.34.171,78
55,Jason,Wheeler,jwheeler1i@sfgate.com,Male,166.210.154.222,52
56,Janet,Palmer,jpalmer1j@fastcompany.com,Female,52.29.138.22,61
57,Ronald,Richards,rrichards1k@epa.gov,Male,105.87.184.69,77
58,Nancy,Walker,nwalker1l@arizona.edu,Female,90.181.223.120,13
59,Mary,Reid,mreid1m@mayoclinic.com,Female,217.194.48.28,53
60,Joan,Morales,jmorales1n@amazon.co.uk,Female,218.216.77.249,46
61,Brandon,Andrews,bandrews1o@blogger.com,Male,150.80.69.241,74
62,Doris,Hunt,dhunt1p@columbia.edu,Female,231.150.147.196,59
63,Helen,Vasquez,hvasquez1q@sogou.com,Female,23.184.195.242,80
64,Raymond,Castillo,rcastillo1r@altervista.org,Male,81.189.189.2,29
65,Peter,Fuller,pfuller1s@jalbum.net,Male,104.98.207.151,76
66,Lori,Rodriguez,lrodriguez1t@jalbum.net,Female,51.24.208.35,52
67,Tina,Bishop,tbishop1u@blogger.com,Female,115.95.53.181,31
68,Mark,Rodriguez,mrodriguez1v@chicagotribune.com,Male,19.153.50.195,42
69,Peter,Spencer,pspencer1w@nbcnews.com,Male,231.155.169.95,73
70,Timothy,Reyes,treyes1x@hostgator.com,Male,224.41.77.174,57
71,Aaron,Moore,amoore1y@slate.com,Male,75.250.142.95,29
72,Kelly,Gardner,kgardner1z@webeden.co.uk,Female,25.102.160.94,80
73,Emily,Robertson,erobertson20@berkeley.edu,Female,132.148.91.26,12
74,Johnny,Brooks,jbrooks21@usnews.com,Male,65.217.98.132,64
75,Emily,Baker,ebaker22@cisco.com,Female,238.25.164.48,16
76,Louise,Kennedy,lkennedy23@vinaora.com,Female,107.171.205.192,71
77,Lawrence,Bell,lbell24@amazonaws.com,Male,137.101.19.230,80
78,Paul,Duncan,pduncan25@hibu.com,Male,163.109.180.95,29
79,Jesse,Kennedy,jkennedy26@freewebs.com,Male,138.10.97.94,11
80,Laura,Webb,lwebb27@bbb.org,Female,22.190.9.83,65
81,Anne,Kim,akim28@state.tx.us,Female,61.77.254.138,65
82,Larry,Stevens,lstevens29@t.co,Male,134.180.232.130,78
83,Rachel,Little,rlittle2a@slashdot.org,Female,85.88.134.247,72
84,Annie,Snyder,asnyder2b@dyndns.org,Female,245.195.187.64,32
85,Martin,James,mjames2c@theatlantic.com,Male,57.194.40.233,77
86,Jose,Barnes,jbarnes2d@bluehost.com,Male,71.123.230.38,14
87,Ernest,Franklin,efranklin2e@ucsd.edu,Male,179.92.126.62,60
88,Mildred,Nichols,mnichols2f@people.com.cn,Female,73.134.108.9,23
89,Jane,Willis,jwillis2g@last.fm,Female,78.34.158.123,13
90,Wayne,Williamson,wwilliamson2h@ted.com,Male,201.154.140.231,61
91,Charles,Bryant,cbryant2i@blogs.com,Male,47.151.182.36,68
92,Dorothy,Warren,dwarren2j@timesonline.co.uk,Female,67.152.240.104,21
93,Joe,Holmes,jholmes2k@infoseek.co.jp,Male,115.137.160.51,80
94,Sean,Lawson,slawson2l@purevolume.com,Male,103.198.115.54,46
95,Cynthia,King,cking2m@yandex.ru,Female,191.135.141.166,41
96,Eugene,Perkins,eperkins2n@networkadvertising.org,Male,226.192.32.41,62
97,Rebecca,Bailey,rbailey2o@prweb.com,Female,80.240.244.30,60
98,Jack,Gonzalez,jgonzalez2p@pen.io,Male,42.0.177.181,52
99,Jimmy,Richardson,jrichardson2q@amazon.co.uk,Male,47.80.151.193,44
100,Joshua,Black,jblack2r@devhub.com,Male,71.223.154.62,29
101,Julia,Butler,jbutler2s@sphinn.com,Female,127.93.67.140,32
102,Sarah,Taylor,staylor2t@blog.com,Female,124.174.66.56,14
103,Kathryn,Scott,kscott2u@biglobe.ne.jp,Female,126.180.89.243,61
104,Louise,Coleman,lcoleman2v@state.tx.us,Female,48.136.54.235,69
105,Stephen,Smith,ssmith2w@phoca.cz,Male,45.153.244.143,57
106,Janet,Lane,jlane2x@goo.ne.jp,Female,169.191.71.209,70
107,Kelly,Bryant,kbryant2y@un.org,Female,16.233.17.125,32
108,Frank,Allen,fallen2z@cargocollective.com,Male,176.237.192.234,31
109,Melissa,Alvarez,malvarez30@homestead.com,Female,205.144.161.94,70
110,Scott,Russell,srussell31@e-recht24.de,Male,46.7.125.201,40
111,Judith,Ramos,jramos32@engadget.com,Female,153.108.237.35,12
112,Judy,Fernandez,jfernandez33@ted.com,Female,117.20.62.45,48
113,Kenneth,Robertson,krobertson34@squarespace.com,Male,60.43.115.50,52
114,Doris,Powell,dpowell35@nationalgeographic.com,Female,7.94.155.36,14
115,Maria,Tucker,mtucker36@time.com,Female,52.174.26.50,70
116,William,Williams,wwilliams37@scribd.com,Male,95.236.74.155,54
117,Amanda,Hall,ahall38@cocolog-nifty.com,Female,86.16.252.201,60
118,Diana,Hernandez,dhernandez39@google.it,Female,247.53.213.197,30
119,Kevin,Young,kyoung3a@last.fm,Male,100.122.177.205,21
120,Stephanie,Howell,showell3b@blinklist.com,Female,56.38.92.173,17
121,George,Hart,ghart3c@google.pl,Male,58.255.64.64,15
122,Christopher,Carpenter,ccarpenter3d@google.pl,Male,245.27.147.214,43
123,Denise,Harper,dharper3e@plala.or.jp,Female,151.199.36.223,26
124,Joe,Elliott,jelliott3f@mayoclinic.com,Male,174.62.110.184,52
125,Teresa,Wagner,twagner3g@narod.ru,Female,198.228.60.50,24
126,Louis,Phillips,lphillips3h@reference.com,Male,135.139.9.43,73
127,Terry,Kelley,tkelley3i@ifeng.com,Male,30.214.90.8,54
128,Craig,Williams,cwilliams3j@instagram.com,Male,114.224.98.162,36
129,Gary,Lawson,glawson3k@ovh.net,Male,229.57.154.121,67
130,Jeffrey,Stephens,jstephens3l@msn.com,Male,252.168.204.50,63
131,Martha,Wheeler,mwheeler3m@vimeo.com,Female,115.86.224.10,78
132,Helen,Mendoza,hmendoza3n@army.mil,Female,62.122.20.143,30
133,Scott,Martinez,smartinez3o@sina.com.cn,Male,51.220.190.184,62
134,Joseph,Williamson,jwilliamson3p@wp.com,Male,225.111.55.203,58
135,Billy,Foster,bfoster3q@aboutads.info,Male,136.163.37.93,36
136,Theresa,Burke,tburke3r@icio.us,Female,14.16.0.41,20
137,Gerald,Phillips,gphillips3s@bravesites.com,Male,0.172.196.37,36
138,Samuel,Wright,swright3t@drupal.org,Male,167.186.126.24,36
139,Brandon,Cole,bcole3u@unesco.org,Male,100.91.253.206,27
140,Dennis,Webb,dwebb3v@wsj.com,Male,90.206.133.223,73
141,Jason,Rose,jrose3w@rakuten.co.jp,Male,124.73.148.205,60
142,Sharon,Johnston,sjohnston3x@so-net.ne.jp,Female,73.1.20.157,41
143,Julie,Cox,jcox3y@etsy.com,Female,92.100.125.189,16
144,Ashley,Stephens,astephens3z@youtu.be,Female,197.13.94.10,59
145,Sarah,Ortiz,sortiz40@wufoo.com,Female,78.95.169.176,27
146,Ralph,Turner,rturner41@miibeian.gov.cn,Male,108.220.84.128,28
147,Douglas,Cooper,dcooper42@twitpic.com,Male,1.19.66.29,34
148,Deborah,Austin,daustin43@360.cn,Female,70.87.129.34,11
149,Christina,Franklin,cfranklin44@lycos.com,Female,117.107.46.190,67
150,Timothy,Mitchell,tmitchell45@kickstarter.com,Male,239.85.66.74,52
151,Gregory,Fuller,gfuller46@walmart.com,Male,46.54.88.155,49
152,Arthur,Ferguson,aferguson47@europa.eu,Male,160.57.218.224,47
153,Tammy,Howell,thowell48@omniture.com,Female,68.194.193.93,78
154,Paula,Carpenter,pcarpenter49@webnode.com,Female,158.73.203.211,75
155,Margaret,Hudson,mhudson4a@wordpress.com,Female,244.207.134.110,58
156,Janice,Martinez,jmartinez4b@drupal.org,Female,91.74.73.149,47
157,Nancy,Owens,nowens4c@nytimes.com,Female,10.37.218.110,63
158,Russell,Ray,rray4d@whitehouse.gov,Male,149.88.60.178,27
159,Terry,Cox,tcox4e@quantcast.com,Male,64.124.2.217,80
160,Rose,Walker,rwalker4f@w3.org,Female,217.54.174.161,32
161,Matthew,Grant,mgrant4g@wiley.com,Male,88.59.228.177,39
162,Martin,Ross,mross4h@scribd.com,Male,80.7.9.98,51
163,Roy,Anderson,randerson4i@weebly.com,Male,161.239.255.142,31
164,Adam,Richards,arichards4j@dropbox.com,Male,140.30.37.101,52
165,Gregory,Fernandez,gfernandez4k@hibu.com,Male,69.109.201.3,48
166,Jimmy,Jordan,jjordan4l@ovh.net,Male,225.179.114.81,79
167,Martin,Harris,mharris4m@hp.com,Male,216.18.81.16,11
168,Charles,Reid,creid4n@google.com.au,Male,49.254.12.208,58
169,Laura,Sims,lsims4o@senate.gov,Female,214.119.111.168,60
170,Diana,Kelly,dkelly4p@netlog.com,Female,11.37.220.48,75
171,Kenneth,Diaz,kdiaz4q@whitehouse.gov,Male,168.186.34.102,59
172,Nicholas,Bowman,nbowman4r@fotki.com,Male,205.104.233.65,49
173,Frances,Payne,fpayne4s@senate.gov,Female,169.216.56.26,16
174,Joan,Gonzalez,jgonzalez4t@technorati.com,Female,198.119.67.40,47
175,Jose,Rice,jrice4u@joomla.org,Male,201.191.247.32,24
176,David,Flores,dflores4v@istockphoto.com,Male,74.248.120.45,75
177,Marilyn,Gutierrez,mgutierrez4w@hubpages.com,Female,101.171.81.134,31
178,Donna,Ramos,dramos4x@hubpages.com,Female,147.122.51.39,43
179,Donna,Richardson,drichardson4y@mysql.com,Female,26.126.42.36,19
180,Christopher,Thompson,cthompson4z@ocn.ne.jp,Male,170.101.51.200,13
181,Johnny,Day,jday50@tumblr.com,Male,6.20.235.108,56
182,Paula,Peters,ppeters51@a8.net,Female,18.57.42.212,19
183,Susan,Ortiz,sortiz52@skype.com,Female,250.64.192.54,18
184,Judy,Mendoza,jmendoza53@trellian.com,Female,68.145.150.19,51
185,Ruth,Edwards,redwards54@pagesperso-orange.fr,Female,13.211.231.66,62
186,Rose,Lane,rlane55@google.com.hk,Female,65.10.91.120,42
187,Kimberly,Graham,kgraham56@hp.com,Female,44.83.73.46,40
188,Ronald,Howell,rhowell57@creativecommons.org,Male,253.125.209.245,44
189,Rebecca,Morales,rmorales58@yelp.com,Female,52.84.244.89,24
190,Douglas,Duncan,dduncan59@nydailynews.com,Male,77.145.237.190,33
191,Anne,Thomas,athomas5a@godaddy.com,Female,66.215.205.86,43
192,Mary,Mendoza,mmendoza5b@si.edu,Female,137.70.184.180,44
193,Margaret,Jones,mjones5c@skype.com,Female,221.217.108.78,44
194,Ronald,Weaver,rweaver5d@edublogs.org,Male,207.125.129.139,67
195,Edward,Jackson,ejackson5e@techcrunch.com,Male,135.186.148.22,63
196,Catherine,Morgan,cmorgan5f@mapquest.com,Female,27.239.65.22,80
197,Maria,Green,mgreen5g@cbslocal.com,Female,241.7.176.17,42
198,Jennifer,James,jjames5h@nps.gov,Female,85.156.92.97,48
199,Eugene,Rogers,erogers5i@squidoo.com,Male,252.226.183.89,58
200,Peter,Howard,phoward5j@china.com.cn,Male,27.224.71.252,18
201,Matthew,Nguyen,mnguyen5k@qq.com,Male,207.42.54.116,63
202,Ann,Phillips,aphillips5l@un.org,Female,126.150.77.205,76
203,Nancy,Peterson,npeterson5m@miibeian.gov.cn,Female,185.232.254.22,70
204,Todd,Ellis,tellis5n@lycos.com,Male,1.75.201.147,44
205,Thomas,Austin,taustin5o@bizjournals.com,Male,26.154.16.176,58
206,Cynthia,Bennett,cbennett5p@chronoengine.com,Female,222.75.11.184,53
207,Brian,Black,bblack5q@purevolume.com,Male,160.185.207.2,49
208,Jerry,Sims,jsims5r@jimdo.com,Male,165.243.133.58,49
209,Lori,Watson,lwatson5s@printfriendly.com,Female,47.1.121.40,22
210,Sharon,Dean,sdean5t@redcross.org,Female,70.92.163.47,57
211,Michelle,Ross,mross5u@dailymail.co.uk,Female,115.212.165.147,43
212,Sara,Hanson,shanson5v@hatena.ne.jp,Female,86.31.192.97,64
213,Stephanie,Castillo,scastillo5w@vkontakte.ru,Female,92.249.105.243,53
214,Harry,Gardner,hgardner5x@examiner.com,Male,26.91.150.207,58
215,Tammy,Fowler,tfowler5y@google.es,Female,105.56.241.252,35
216,Jose,Frazier,jfrazier5z@oakley.com,Male,33.230.165.104,19
217,Matthew,Hill,mhill60@liveinternet.ru,Male,93.121.114.182,31
218,Norma,Barnes,nbarnes61@instagram.com,Female,161.142.254.204,31
219,Tina,Hansen,thansen62@wsj.com,Female,41.228.227.252,19
220,Roy,Robinson,rrobinson63@google.co.uk,Male,159.237.217.140,71
221,Janice,Morales,jmorales64@storify.com,Female,7.116.60.42,20
222,Barbara,Kelley,bkelley65@wufoo.com,Female,59.126.117.138,52
223,Philip,Castillo,pcastillo66@chronoengine.com,Male,230.122.56.250,11
224,Julia,Holmes,jholmes67@cdbaby.com,Female,152.244.238.202,20
225,Henry,Frazier,hfrazier68@japanpost.jp,Male,106.236.96.60,45
226,Virginia,Berry,vberry69@umn.edu,Female,135.228.170.22,31
227,Deborah,Morgan,dmorgan6a@webs.com,Female,170.153.234.249,47
228,Robert,Henderson,rhenderson6b@usda.gov,Male,97.106.184.145,50
229,Adam,Burton,aburton6c@booking.com,Male,78.53.179.220,56
230,Elizabeth,Scott,escott6d@is.gd,Female,180.93.8.239,40
231,Maria,Gomez,mgomez6e@goodreads.com,Female,230.147.230.86,27
232,Jonathan,Wallace,jwallace6f@umn.edu,Male,32.125.71.134,72
233,Kathleen,Banks,kbanks6g@oracle.com,Female,148.213.85.152,29
234,Nicole,Hunter,nhunter6h@homestead.com,Female,220.79.204.197,18
235,Douglas,Berry,dberry6i@va.gov,Male,245.196.231.138,39
236,Nancy,Lopez,nlopez6j@wsj.com,Female,195.45.92.71,24
237,Ryan,Stevens,rstevens6k@icq.com,Male,60.120.139.164,53
238,Jennifer,Bowman,jbowman6l@e-recht24.de,Female,178.56.71.45,63
239,Kevin,Graham,kgraham6m@webs.com,Male,180.66.136.124,42
240,Kathleen,Harrison,kharrison6n@ning.com,Female,58.45.189.107,23
241,Walter,Bennett,wbennett6o@cornell.edu,Male,123.140.61.42,63
242,Ryan,Jenkins,rjenkins6p@cargocollective.com,Male,93.93.247.133,33
243,Howard,Stephens,hstephens6q@google.pl,Male,239.245.204.41,74
244,Roy,Foster,rfoster6r@whitehouse.gov,Male,195.164.135.1,17
245,Anna,Armstrong,aarmstrong6s@chron.com,Female,55.127.40.28,26
246,Tina,Wright,twright6t@gizmodo.com,Female,248.140.199.136,75
247,Sandra,Morris,smorris6u@networkadvertising.org,Female,209.163.124.112,66
248,George,Martinez,gmartinez6v@unicef.org,Male,206.204.127.25,12
249,Betty,Meyer,bmeyer6w@state.gov,Female,123.158.67.24,21
250,Denise,Thompson,dthompson6x@hatena.ne.jp,Female,112.0.177.100,10
251,Joan,Wilson,jwilson6y@chron.com,Female,148.98.68.17,46
252,Norma,Simpson,nsimpson6z@pen.io,Female,160.173.238.35,17
253,Ronald,Fields,rfields70@amazon.com,Male,100.140.95.195,70
254,Nicholas,Graham,ngraham71@omniture.com,Male,141.209.137.30,30
255,Marie,Miller,mmiller72@comcast.net,Female,202.158.154.244,14
256,Kathy,Webb,kwebb73@wikipedia.org,Female,73.127.244.212,34
257,Robert,Williamson,rwilliamson74@canalblog.com,Male,75.233.220.16,52
258,Lillian,Hamilton,lhamilton75@slideshare.net,Female,250.197.105.133,63
259,Patrick,Morris,pmorris76@discovery.com,Male,18.155.119.194,51
260,Wayne,Spencer,wspencer77@princeton.edu,Male,24.172.4.234,39
261,Larry,Wells,lwells78@loc.gov,Male,12.170.175.148,10
262,Amanda,Harrison,aharrison79@ihg.com,Female,186.22.200.141,51
263,Billy,Alexander,balexander7a@mit.edu,Male,206.191.153.218,17
264,Sandra,Ramos,sramos7b@feedburner.com,Female,126.127.32.185,38
265,Ann,Shaw,ashaw7c@over-blog.com,Female,23.173.165.46,45
266,Paula,Henderson,phenderson7d@mlb.com,Female,212.112.109.188,73
267,Anthony,Fields,afields7e@studiopress.com,Male,40.66.207.21,74
268,Craig,Austin,caustin7f@people.com.cn,Male,172.169.36.195,70
269,Dorothy,Burns,dburns7g@pcworld.com,Female,176.71.12.126,67
270,Ernest,Bennett,ebennett7h@usa.gov,Male,242.117.152.142,48
271,Denise,Martinez,dmartinez7i@unicef.org,Female,151.233.239.109,18
272,Anne,Kim,akim7j@mozilla.com,Female,213.87.71.90,41
273,James,Coleman,jcoleman7k@usa.gov,Male,112.197.65.157,77
274,Bruce,Bowman,bbowman7l@nyu.edu,Male,244.155.209.124,44
275,Lawrence,Williams,lwilliams7m@ebay.com,Male,145.12.47.68,60
276,Tammy,Ward,tward7n@elegantthemes.com,Female,128.218.113.0,12
277,Clarence,Wheeler,cwheeler7o@vistaprint.com,Male,215.35.118.75,51
278,Larry,Stanley,lstanley7p@google.nl,Male,129.188.193.133,34
279,Barbara,Cook,bcook7q@techcrunch.com,Female,174.149.182.219,22
280,Michelle,Sims,msims7r@weebly.com,Female,232.227.238.107,18
281,Rose,Hunt,rhunt7s@usda.gov,Female,14.171.129.168,69
282,Gregory,Collins,gcollins7t@ovh.net,Male,155.136.169.165,59
283,Phyllis,Meyer,pmeyer7u@trellian.com,Female,239.206.156.43,67
284,Eugene,Hughes,ehughes7v@yellowbook.com,Male,227.23.220.149,52
285,Nicole,Howell,nhowell7w@flavors.me,Female,70.166.196.138,79
286,Annie,Hawkins,ahawkins7x@wp.com,Female,152.75.203.109,66
287,Theresa,Cook,tcook7y@army.mil,Female,143.139.205.20,60
288,Bonnie,Wright,bwright7z@is.gd,Female,42.51.182.68,47
289,Catherine,Lynch,clynch80@imgur.com,Female,38.230.215.92,25
290,Cheryl,Riley,criley81@prnewswire.com,Female,130.28.66.139,69
291,Frances,Gardner,fgardner82@nature.com,Female,104.30.90.90,58
292,Fred,Ortiz,fortiz83@imageshack.us,Male,0.223.183.119,35
293,Jane,Moreno,jmoreno84@reverbnation.com,Female,253.87.196.182,21
294,Katherine,Matthews,kmatthews85@thetimes.co.uk,Female,145.77.110.41,52
295,Randy,Little,rlittle86@irs.gov,Male,139.38.21.56,56
296,Jane,Alvarez,jalvarez87@wikispaces.com,Female,203.136.61.252,53
297,Margaret,Dixon,mdixon88@hexun.com,Female,63.240.89.241,15
298,Robert,Perkins,rperkins89@archive.org,Male,55.29.113.8,53
299,Dorothy,Lee,dlee8a@vinaora.com,Female,109.120.145.243,49
300,Gary,James,gjames8b@sitemeter.com,Male,171.224.250.165,14
301,Steven,Chavez,schavez8c@clickbank.net,Male,45.176.89.85,65
302,Ralph,Smith,rsmith8d@narod.ru,Male,195.34.255.138,26
303,Joseph,Ferguson,jferguson8e@hc360.com,Male,204.56.91.110,50
304,Kenneth,Simpson,ksimpson8f@last.fm,Male,58.222.89.219,57
305,Patricia,Walker,pwalker8g@baidu.com,Female,197.25.33.110,43
306,Laura,Mitchell,lmitchell8h@earthlink.net,Female,11.183.175.55,79
307,Betty,Diaz,bdiaz8i@fastcompany.com,Female,245.249.224.179,17
308,Roger,Martinez,rmartinez8j@irs.gov,Male,1.80.36.25,13
309,Michael,Edwards,medwards8k@live.com,Male,87.171.120.48,43
310,Kimberly,Shaw,kshaw8l@ocn.ne.jp,Female,33.140.6.91,54
311,Carolyn,Turner,cturner8m@imageshack.us,Female,99.223.227.104,70
312,Dorothy,Henry,dhenry8n@weibo.com,Female,149.224.162.172,59
313,Gary,Campbell,gcampbell8o@photobucket.com,Male,26.65.21.184,27
314,Ruth,Ray,rray8p@simplemachines.org,Female,26.132.140.89,74
315,Todd,Murphy,tmurphy8q@usgs.gov,Male,153.4.134.153,76
316,Norma,Mccoy,nmccoy8r@arizona.edu,Female,225.169.142.80,37
317,Craig,Hunt,chunt8s@usda.gov,Male,95.137.38.115,62
318,James,Hunt,jhunt8t@histats.com,Male,75.89.176.64,30
319,Gregory,Perry,gperry8u@tumblr.com,Male,208.213.92.125,43
320,Joshua,Mitchell,jmitchell8v@ox.ac.uk,Male,38.26.24.96,20
321,Charles,Hawkins,chawkins8w@ibm.com,Male,255.19.108.162,11
322,Benjamin,Perry,bperry8x@parallels.com,Male,71.65.239.133,16
323,Donald,Castillo,dcastillo8y@newsvine.com,Male,6.23.40.156,47
324,Juan,Kelly,jkelly8z@admin.ch,Male,1.95.255.16,70
325,Ruth,Hudson,rhudson90@jugem.jp,Female,185.135.44.95,35
326,Richard,Holmes,rholmes91@scientificamerican.com,Male,252.123.163.112,22
327,Tammy,Ryan,tryan92@ucoz.com,Female,200.183.13.119,46
328,Judith,Wells,jwells93@cdbaby.com,Female,179.231.191.232,79
329,Norma,Turner,nturner94@marriott.com,Female,209.73.108.239,52
330,Sara,Wood,swood95@earthlink.net,Female,230.177.254.213,67
331,Paula,Reid,preid96@yandex.ru,Female,170.18.176.113,35
332,Joyce,Hicks,jhicks97@desdev.cn,Female,205.66.220.134,64
333,David,Palmer,dpalmer98@wordpress.org,Male,252.115.90.143,78
334,Catherine,Mills,cmills99@tmall.com,Female,73.247.154.230,29
335,Jacqueline,Welch,jwelch9a@sciencedaily.com,Female,86.52.196.142,15
336,David,Porter,dporter9b@sakura.ne.jp,Male,33.145.187.142,29
337,Paul,Hudson,phudson9c@accuweather.com,Male,122.163.87.147,79
338,Julia,Smith,jsmith9d@freewebs.com,Female,156.129.184.20,50
339,Heather,Jones,hjones9e@canalblog.com,Female,154.115.22.227,36
340,Jean,Bailey,jbailey9f@infoseek.co.jp,Female,93.57.106.78,58
341,Walter,Howard,whoward9g@nytimes.com,Male,69.186.90.246,52
342,Lawrence,Frazier,lfrazier9h@redcross.org,Male,140.231.148.53,52
343,Shirley,Marshall,smarshall9i@trellian.com,Female,39.55.81.243,14
344,Peter,Dean,pdean9j@ox.ac.uk,Male,100.27.170.148,27
345,Eric,Marshall,emarshall9k@stanford.edu,Male,85.108.182.91,62
346,Larry,Bell,lbell9l@usatoday.com,Male,205.236.177.61,54
347,Bonnie,Sims,bsims9m@networksolutions.com,Female,220.205.66.168,23
348,Frances,Carpenter,fcarpenter9n@imageshack.us,Female,62.60.24.80,28
349,Martin,Cox,mcox9o@lycos.com,Male,144.169.143.29,65
350,Chris,Hill,chill9p@dedecms.com,Male,63.35.36.250,73
351,Louise,Rivera,lrivera9q@myspace.com,Female,33.186.155.220,78
352,John,Willis,jwillis9r@example.com,Male,118.28.59.243,39
353,Harry,Howard,hhoward9s@earthlink.net,Male,150.185.230.240,56
354,Gary,Nelson,gnelson9t@tripadvisor.com,Male,232.54.89.92,26
355,Jeremy,Boyd,jboyd9u@abc.net.au,Male,223.121.130.233,33
356,Jesse,Sanchez,jsanchez9v@walmart.com,Male,113.179.27.37,14
357,Betty,Gonzales,bgonzales9w@mapy.cz,Female,65.210.40.9,71
358,Donna,Murphy,dmurphy9x@digg.com,Female,97.118.121.216,39
359,Russell,Warren,rwarren9y@mayoclinic.com,Male,56.197.178.189,61
360,Ralph,Barnes,rbarnes9z@google.com,Male,64.159.50.177,56
361,Roy,Roberts,rrobertsa0@flavors.me,Male,192.39.16.77,58
362,Wanda,Crawford,wcrawforda1@go.com,Female,4.42.14.198,64
363,Gloria,Davis,gdavisa2@instagram.com,Female,135.49.13.41,45
364,Eugene,Garza,egarzaa3@slideshare.net,Male,45.192.224.61,25
365,Karen,Fowler,kfowlera4@cdc.gov,Female,158.246.197.215,10
366,Carolyn,Alexander,calexandera5@discovery.com,Female,16.107.215.117,20
367,Ruby,Daniels,rdanielsa6@hugedomains.com,Female,40.127.187.116,75
368,Rachel,Barnes,rbarnesa7@ehow.com,Female,23.224.80.144,71
369,Maria,Hudson,mhudsona8@csmonitor.com,Female,105.191.244.64,42
370,Evelyn,Cunningham,ecunninghama9@vistaprint.com,Female,35.65.72.64,56
371,Robert,Cole,rcoleaa@dropbox.com,Male,66.1.87.140,52
372,Shirley,Woods,swoodsab@chron.com,Female,165.161.88.31,54
373,Nicholas,Peterson,npetersonac@omniture.com,Male,60.164.235.236,66
374,Sara,Carter,scarterad@uiuc.edu,Female,147.230.127.184,10
375,Edward,Chavez,echavezae@yahoo.co.jp,Male,29.220.45.8,52
376,Michael,Arnold,marnoldaf@cbc.ca,Male,125.105.62.84,54
377,Cynthia,Richards,crichardsag@tamu.edu,Female,82.110.209.17,57
378,Stephanie,Alexander,salexanderah@list-manage.com,Female,48.163.139.47,63
379,Sandra,Gibson,sgibsonai@sciencedirect.com,Female,22.27.36.7,60
380,Christine,Stevens,cstevensaj@1und1.de,Female,225.140.200.30,34
381,Anthony,Jordan,ajordanak@dropbox.com,Male,7.177.137.21,28
382,Jason,Hanson,jhansonal@xing.com,Male,111.103.153.86,78
383,Mary,Palmer,mpalmeram@discovery.com,Female,93.167.9.146,26
384,Angela,Duncan,aduncanan@t.co,Female,146.204.172.80,74
385,Cynthia,Williams,cwilliamsao@livejournal.com,Female,50.165.54.134,42
386,Barbara,Armstrong,barmstrongap@cpanel.net,Female,57.201.175.76,56
387,Billy,Ramos,bramosaq@smh.com.au,Male,62.48.246.172,69
388,Joyce,Washington,jwashingtonar@xing.com,Female,5.36.32.9,78
389,Brandon,Miller,bmilleras@desdev.cn,Male,175.14.253.196,50
390,Thomas,Shaw,tshawat@addtoany.com,Male,49.133.113.166,38
391,Cynthia,Arnold,carnoldau@icio.us,Female,81.27.22.133,20
392,Cynthia,Cox,ccoxav@statcounter.com,Female,110.205.233.245,57
393,Norma,Bryant,nbryantaw@storify.com,Female,84.119.145.139,30
394,Michael,Carr,mcarrax@shutterfly.com,Male,217.193.156.15,74
395,Walter,Moore,wmooreay@soup.io,Male,195.206.18.180,23
396,Carolyn,Green,cgreenaz@issuu.com,Female,90.145.87.73,80
397,Martin,Kennedy,mkennedyb0@dell.com,Male,97.233.203.91,54
398,Philip,Jenkins,pjenkinsb1@edublogs.org,Male,189.213.118.187,34
399,Stephen,Thompson,sthompsonb2@ed.gov,Male,119.106.209.223,31
400,Jesse,Freeman,jfreemanb3@cbsnews.com,Male,185.53.174.147,39
401,Patricia,Hunter,phunterb4@shinystat.com,Female,186.119.167.139,19
402,Andrew,Wells,awellsb5@arstechnica.com,Male,179.38.108.35,27
403,Jimmy,Boyd,jboydb6@nasa.gov,Male,206.52.21.204,35
404,Jesse,Montgomery,jmontgomeryb7@bigcartel.com,Male,234.86.212.230,68
405,Fred,Harrison,fharrisonb8@epa.gov,Male,184.88.98.162,38
406,Joan,Evans,jevansb9@cbc.ca,Female,141.104.63.254,64
407,Gary,Hawkins,ghawkinsba@free.fr,Male,171.97.210.83,26
408,Kelly,Webb,kwebbbb@geocities.com,Female,51.228.240.252,52
409,Janice,Adams,jadamsbc@amazon.co.jp,Female,178.197.17.221,67
410,Judith,Welch,jwelchbd@barnesandnoble.com,Female,241.143.162.252,68
411,Kathryn,Collins,kcollinsbe@abc.net.au,Female,113.88.132.101,63
412,Victor,Perkins,vperkinsbf@guardian.co.uk,Male,74.127.178.24,42
413,Patricia,Holmes,pholmesbg@sfgate.com,Female,235.48.54.52,63
414,Timothy,Lopez,tlopezbh@4shared.com,Male,42.122.174.198,57
415,Stephanie,Price,spricebi@eepurl.com,Female,172.67.43.15,36
416,Randy,Dunn,rdunnbj@indiegogo.com,Male,19.122.28.118,55
417,Betty,Graham,bgrahambk@wiley.com,Female,210.56.147.128,68
418,Matthew,Wright,mwrightbl@reverbnation.com,Male,39.10.237.190,53
419,Amy,Jones,ajonesbm@stanford.edu,Female,40.186.51.128,35
420,Angela,Cox,acoxbn@admin.ch,Female,99.201.228.186,68
421,Mildred,Gibson,mgibsonbo@springer.com,Female,21.241.104.238,15
422,Robert,Shaw,rshawbp@fastcompany.com,Male,89.5.138.169,42
423,Jesse,Adams,jadamsbq@networkadvertising.org,Male,201.102.171.83,44
424,Kathleen,Meyer,kmeyerbr@dmoz.org,Female,242.88.60.204,69
425,Lisa,Romero,lromerobs@aol.com,Female,97.108.150.103,28
426,Ralph,James,rjamesbt@ftc.gov,Male,146.157.149.8,54
427,Mark,Hall,mhallbu@reverbnation.com,Male,88.248.84.199,75
428,Doris,Murphy,dmurphybv@dropbox.com,Female,160.127.75.141,73
429,Billy,Robinson,brobinsonbw@geocities.com,Male,105.193.178.199,32
430,Dennis,Ray,draybx@tuttocitta.it,Male,169.244.118.207,72
431,Carol,Smith,csmithby@jiathis.com,Female,15.150.29.237,48
432,Jeremy,Jenkins,jjenkinsbz@yahoo.com,Male,85.70.56.60,68
433,Shawn,Pierce,spiercec0@odnoklassniki.ru,Male,196.58.62.0,25
434,Barbara,Bell,bbellc1@networkadvertising.org,Female,52.22.64.25,15
435,Cheryl,Anderson,candersonc2@discuz.net,Female,59.229.86.225,75
436,Harold,Riley,hrileyc3@cafepress.com,Male,182.49.68.178,25
437,Roy,Ford,rfordc4@nasa.gov,Male,139.80.180.118,48
438,Mary,Mcdonald,mmcdonaldc5@tmall.com,Female,173.98.255.31,27
439,Walter,Sanders,wsandersc6@mapquest.com,Male,239.166.129.132,80
440,Christopher,Montgomery,cmontgomeryc7@marriott.com,Male,107.166.170.99,22
441,Kelly,Kelly,kkellyc8@cloudflare.com,Female,130.202.19.232,49
442,Russell,Williamson,rwilliamsonc9@google.com.br,Male,119.110.199.223,69
443,Maria,Castillo,mcastilloca@ebay.co.uk,Female,113.83.79.247,67
444,Louis,Carr,lcarrcb@canalblog.com,Male,219.120.225.244,24
445,Jimmy,Pierce,jpiercecc@spiegel.de,Male,62.156.188.210,36
446,Frank,Washington,fwashingtoncd@blogger.com,Male,6.216.47.230,47
447,Amy,Lewis,alewisce@bbc.co.uk,Female,0.13.210.216,63
448,Bobby,Cook,bcookcf@ed.gov,Male,123.209.193.99,20
449,Lisa,Wood,lwoodcg@aol.com,Female,96.204.219.74,19
450,Evelyn,Romero,eromeroch@webs.com,Female,248.153.124.206,65
451,Joan,Ramirez,jramirezci@netscape.com,Female,39.105.209.117,57
452,Angela,Carroll,acarrollcj@miitbeian.gov.cn,Female,189.55.30.237,34
453,Kimberly,Willis,kwillisck@flickr.com,Female,74.198.43.56,52
454,Bruce,Alexander,balexandercl@360.cn,Male,173.12.52.24,36
455,Marilyn,Wheeler,mwheelercm@unc.edu,Female,168.32.30.184,25
456,Shawn,Webb,swebbcn@addtoany.com,Male,59.198.146.89,26
457,Billy,Allen,ballenco@webmd.com,Male,180.107.25.102,31
458,Louise,Spencer,lspencercp@timesonline.co.uk,Female,39.133.246.139,53
459,Jose,Fuller,jfullercq@nyu.edu,Male,210.165.205.60,23
460,Matthew,Fields,mfieldscr@mediafire.com,Male,95.40.200.252,61
461,Louis,Porter,lportercs@cnn.com,Male,249.197.103.69,41
462,Amanda,Gibson,agibsonct@slate.com,Female,224.46.225.124,51
463,Lawrence,Black,lblackcu@infoseek.co.jp,Male,5.201.239.198,24
464,Brian,Hamilton,bhamiltoncv@icio.us,Male,44.199.123.101,57
465,Victor,Mccoy,vmccoycw@deviantart.com,Male,113.102.129.211,15
466,William,Adams,wadamscx@shutterfly.com,Male,27.48.111.102,31
467,Eric,Fox,efoxcy@hud.gov,Male,197.193.54.34,51
468,Antonio,Reed,areedcz@microsoft.com,Male,242.62.213.216,40
469,Jean,Baker,jbakerd0@example.com,Female,227.226.6.87,55
470,Joan,Duncan,jduncand1@google.com.hk,Female,18.60.93.123,69
471,Joe,Rose,jrosed2@flickr.com,Male,165.144.131.43,57
472,Jane,Diaz,jdiazd3@ebay.com,Female,104.9.230.32,43
473,Jason,Mcdonald,jmcdonaldd4@patch.com,Male,182.1.215.253,52
474,Henry,Lawrence,hlawrenced5@usatoday.com,Male,174.127.137.188,50
475,Teresa,Daniels,tdanielsd6@army.mil,Female,66.186.39.9,24
476,Lori,Chavez,lchavezd7@dailymail.co.uk,Female,123.205.121.123,70
477,Kevin,Cook,kcookd8@google.co.jp,Male,193.25.255.197,45
478,Donna,Palmer,dpalmerd9@bandcamp.com,Female,56.239.2.103,68
479,Michael,Reynolds,mreynoldsda@webeden.co.uk,Male,132.40.207.74,43
480,Amy,Williams,awilliamsdb@nifty.com,Female,140.158.9.242,15
481,Sharon,Taylor,staylordc@symantec.com,Female,126.239.51.151,37
482,Margaret,Mitchell,mmitchelldd@sciencedirect.com,Female,126.134.127.36,13
483,Cheryl,Hudson,chudsonde@ocn.ne.jp,Female,123.222.186.248,42
484,Ruby,Dunn,rdunndf@ibm.com,Female,21.82.111.66,13
485,Rachel,Ross,rrossdg@wikipedia.org,Female,1.193.35.68,48
486,Stephen,Wells,swellsdh@businesswire.com,Male,82.247.31.250,12
487,Amanda,Reed,areeddi@cloudflare.com,Female,65.94.252.83,53
488,Sharon,Castillo,scastillodj@icio.us,Female,183.75.115.96,44
489,Judy,Rose,jrosedk@wordpress.com,Female,222.55.176.79,68
490,Howard,Wilson,hwilsondl@shop-pro.jp,Male,191.57.24.106,14
491,Alice,Powell,apowelldm@upenn.edu,Female,159.92.77.207,31
492,Joshua,Moreno,jmorenodn@redcross.org,Male,108.248.16.97,54
493,Roger,Carroll,rcarrolldo@weebly.com,Male,88.128.86.244,42
494,Jeremy,Gardner,jgardnerdp@epa.gov,Male,103.25.233.5,40
495,Joseph,Lynch,jlynchdq@vk.com,Male,130.196.89.232,18
496,James,Mccoy,jmccoydr@auda.org.au,Male,63.196.204.21,58
497,William,Stewart,wstewartds@g.co,Male,132.189.213.5,73
498,Anna,Frazier,afrazierdt@wordpress.com,Female,17.73.223.136,11
499,Carol,Nichols,cnicholsdu@un.org,Female,96.204.179.121,41
500,Christopher,Reed,creeddv@go.com,Male,203.89.154.175,62
501,Jean,Andrews,jandrewsdw@time.com,Female,100.114.252.19,59
502,Ernest,Taylor,etaylordx@slate.com,Male,34.94.36.22,45
503,Lori,Cox,lcoxdy@google.it,Female,164.104.59.109,45
504,Judith,Robinson,jrobinsondz@umn.edu,Female,41.104.249.249,68
505,Timothy,Graham,tgrahame0@eventbrite.com,Male,78.252.154.159,43
506,Diana,Schmidt,dschmidte1@accuweather.com,Female,45.254.48.189,60
507,Marilyn,Ferguson,mfergusone2@cnbc.com,Female,119.26.177.214,13
508,Antonio,Rice,aricee3@cbsnews.com,Male,118.34.114.66,32
509,Matthew,Mills,mmillse4@ibm.com,Male,150.44.47.40,55
510,Russell,Gray,rgraye5@sakura.ne.jp,Male,208.156.35.77,20
511,Nicole,Thomas,nthomase6@wordpress.com,Female,250.87.61.93,44
512,Donald,Murphy,dmurphye7@oaic.gov.au,Male,118.88.234.111,53
513,Mary,Smith,msmithe8@mayoclinic.com,Female,28.227.124.164,58
514,Joan,Fields,jfieldse9@tripod.com,Female,190.190.39.9,79
515,Matthew,Ortiz,mortizea@ustream.tv,Male,166.50.154.34,52
516,Betty,Hernandez,bhernandezeb@ow.ly,Female,75.71.111.225,22
517,Shirley,Palmer,spalmerec@friendfeed.com,Female,229.118.176.183,34
518,Chris,Wilson,cwilsoned@imageshack.us,Male,195.251.106.183,77
519,Carolyn,Jacobs,cjacobsee@cargocollective.com,Female,110.145.120.25,28
520,Catherine,Hawkins,chawkinsef@purevolume.com,Female,169.153.151.250,60
521,Kevin,Smith,ksmitheg@archive.org,Male,186.136.120.164,32
522,Jane,Austin,jaustineh@whitehouse.gov,Female,35.22.190.26,49
523,Lois,Gibson,lgibsonei@people.com.cn,Female,241.32.27.65,45
524,Shawn,Kim,skimej@eventbrite.com,Male,189.62.1.85,46
525,Sean,Wright,swrightek@php.net,Male,104.157.143.67,11
526,Betty,Moore,bmooreel@quantcast.com,Female,156.87.79.162,36
527,Stephanie,Welch,swelchem@slashdot.org,Female,50.223.171.0,57
528,Norma,Garcia,ngarciaen@youtu.be,Female,23.104.244.123,60
529,Sara,Russell,srusselleo@chicagotribune.com,Female,140.180.41.180,32
530,Clarence,West,cwestep@nih.gov,Male,99.129.16.57,80
531,Cynthia,Myers,cmyerseq@shinystat.com,Female,191.236.161.252,70
532,Denise,Crawford,dcrawforder@opensource.org,Female,75.0.137.10,80
533,George,Rogers,grogerses@cbc.ca,Male,211.30.155.170,68
534,George,Roberts,grobertset@nih.gov,Male,234.108.215.30,14
535,Helen,Perry,hperryeu@is.gd,Female,207.188.109.118,72
536,Kimberly,Edwards,kedwardsev@alexa.com,Female,117.131.27.221,74
537,Mary,Mccoy,mmccoyew@washingtonpost.com,Female,232.50.125.192,57
538,Judith,Snyder,jsnyderex@wikimedia.org,Female,166.0.64.247,76
539,Maria,Dixon,mdixoney@booking.com,Female,82.19.234.99,19
540,Russell,Grant,rgrantez@economist.com,Male,92.1.130.27,62
541,Steven,Thompson,sthompsonf0@state.gov,Male,225.16.2.112,33
542,Irene,Myers,imyersf1@yellowpages.com,Female,16.190.64.203,48
543,Wanda,Little,wlittlef2@twitpic.com,Female,213.78.184.150,28
544,Brandon,Lawrence,blawrencef3@taobao.com,Male,249.9.253.68,26
545,Brian,Mason,bmasonf4@whitehouse.gov,Male,208.81.159.179,31
546,Martha,Anderson,mandersonf5@cdbaby.com,Female,35.245.128.198,41
547,Deborah,Arnold,darnoldf6@sciencedirect.com,Female,157.99.57.160,42
548,Victor,Jackson,vjacksonf7@wired.com,Male,31.154.157.86,23
549,Julie,Woods,jwoodsf8@mozilla.com,Female,43.26.151.43,64
550,Julia,Barnes,jbarnesf9@mozilla.org,Female,131.230.212.86,47
551,Barbara,Montgomery,bmontgomeryfa@constantcontact.com,Female,221.173.190.96,19
552,Judith,Carroll,jcarrollfb@google.com,Female,180.212.104.147,12
553,Jerry,Romero,jromerofc@oakley.com,Male,243.204.152.194,22
554,Martha,Lewis,mlewisfd@posterous.com,Female,58.169.47.197,53
555,Paula,Wright,pwrightfe@state.tx.us,Female,66.94.196.136,29
556,Walter,Weaver,wweaverff@wisc.edu,Male,156.100.42.186,63
557,Craig,Snyder,csnyderfg@themeforest.net,Male,131.224.100.160,67
558,Joseph,Burke,jburkefh@opensource.org,Male,111.233.28.243,17
559,Aaron,Lynch,alynchfi@sina.com.cn,Male,62.121.208.253,64
560,Jack,Alvarez,jalvarezfj@elegantthemes.com,Male,187.252.221.30,23
561,Ralph,Collins,rcollinsfk@geocities.jp,Male,156.189.126.245,30
562,Jane,Riley,jrileyfl@cam.ac.uk,Female,153.197.174.237,21
563,Todd,Hunter,thunterfm@ed.gov,Male,204.108.246.128,28
564,Johnny,Lawrence,jlawrencefn@clickbank.net,Male,174.238.113.197,47
565,Robin,Payne,rpaynefo@booking.com,Female,28.67.139.189,78
566,Mildred,Gardner,mgardnerfp@addtoany.com,Female,188.125.129.113,73
567,Anna,Reed,areedfq@linkedin.com,Female,143.36.23.194,44
568,Lillian,Nichols,lnicholsfr@reddit.com,Female,167.118.112.33,43
569,Judy,Gilbert,jgilbertfs@hao123.com,Female,65.253.87.108,76
570,Fred,Bell,fbellft@bbc.co.uk,Male,55.149.176.59,66
571,Marie,Fernandez,mfernandezfu@uol.com.br,Female,133.141.249.111,56
572,Christina,Sullivan,csullivanfv@deliciousdays.com,Female,167.65.231.195,57
573,Walter,Owens,wowensfw@so-net.ne.jp,Male,179.176.90.6,38
574,Virginia,Willis,vwillisfx@free.fr,Female,230.20.67.197,33
575,Gerald,Armstrong,garmstrongfy@instagram.com,Male,160.5.223.244,74
576,Jose,Chapman,jchapmanfz@rakuten.co.jp,Male,171.99.52.24,79
577,Kevin,Sanders,ksandersg0@goo.gl,Male,163.88.8.252,34
578,John,Ruiz,jruizg1@illinois.edu,Male,212.161.202.156,78
579,Carolyn,Weaver,cweaverg2@mapquest.com,Female,231.198.117.26,31
580,Jason,Gardner,jgardnerg3@stanford.edu,Male,176.86.16.188,48
581,Evelyn,Wallace,ewallaceg4@livejournal.com,Female,118.73.204.159,48
582,Michelle,Martin,mmarting5@booking.com,Female,11.145.188.229,22
583,Jesse,Frazier,jfrazierg6@blinklist.com,Male,90.204.154.146,50
584,Sandra,Alvarez,salvarezg7@miitbeian.gov.cn,Female,250.193.167.180,57
585,Shirley,Reynolds,sreynoldsg8@usda.gov,Female,18.115.154.46,28
586,Jose,Carroll,jcarrollg9@engadget.com,Male,210.86.18.120,12
587,Scott,Harris,sharrisga@google.ru,Male,124.59.29.92,73
588,Arthur,Scott,ascottgb@nsw.gov.au,Male,98.51.56.60,58
589,Paula,Hawkins,phawkinsgc@networkadvertising.org,Female,137.44.176.216,34
590,Gerald,Hall,ghallgd@senate.gov,Male,18.181.148.22,73
591,Bonnie,Berry,bberryge@opensource.org,Female,214.53.217.51,67
592,Aaron,Carter,acartergf@forbes.com,Male,122.77.106.207,14
593,Stephanie,Rodriguez,srodriguezgg@de.vu,Female,124.33.114.66,52
594,Jason,Dixon,jdixongh@mayoclinic.com,Male,199.119.228.160,78
595,William,Davis,wdavisgi@ning.com,Male,61.159.24.44,44
596,Keith,Little,klittlegj@istockphoto.com,Male,232.155.32.45,36
597,Stephanie,West,swestgk@webmd.com,Female,199.186.179.120,43
598,Bonnie,Hughes,bhughesgl@studiopress.com,Female,48.24.173.74,28
599,Beverly,Hanson,bhansongm@examiner.com,Female,180.104.104.84,53
600,Samuel,Diaz,sdiazgn@theguardian.com,Male,214.214.114.11,36
601,Jose,Robertson,jrobertsongo@admin.ch,Male,6.224.174.200,50
602,Jose,Hart,jhartgp@networksolutions.com,Male,193.181.248.173,42
603,Debra,Greene,dgreenegq@umich.edu,Female,131.249.189.144,27
604,Randy,Kelley,rkelleygr@loc.gov,Male,139.168.82.90,61
605,Sandra,Parker,sparkergs@mapquest.com,Female,208.156.59.89,25
606,Nicole,Dixon,ndixongt@wunderground.com,Female,75.87.25.29,45
607,Albert,Greene,agreenegu@walmart.com,Male,52.47.94.199,13
608,Christina,Sanchez,csanchezgv@tinyurl.com,Female,233.32.164.244,35
609,Annie,Ellis,aellisgw@amazonaws.com,Female,107.250.78.51,10
610,Shirley,Hall,shallgx@pinterest.com,Female,94.28.51.63,75
611,Julia,Jacobs,jjacobsgy@usatoday.com,Female,26.164.30.137,15
612,Bruce,Rice,bricegz@phpbb.com,Male,223.65.203.19,19
613,Craig,Hawkins,chawkinsh0@technorati.com,Male,32.54.60.231,64
614,Katherine,Stevens,kstevensh1@plala.or.jp,Female,111.170.133.55,46
615,Teresa,Hayes,thayesh2@netlog.com,Female,80.116.42.82,23
616,Doris,Torres,dtorresh3@networkadvertising.org,Female,232.46.28.246,25
617,Shawn,Jordan,sjordanh4@i2i.jp,Male,94.247.233.214,74
618,Charles,Edwards,cedwardsh5@ebay.com,Male,192.41.0.250,56
619,Arthur,Long,alongh6@huffingtonpost.com,Male,23.135.110.57,18
620,Timothy,Flores,tfloresh7@techcrunch.com,Male,77.161.23.16,72
621,Jack,Peterson,jpetersonh8@squarespace.com,Male,145.221.191.150,46
622,Bonnie,Vasquez,bvasquezh9@livejournal.com,Female,68.91.120.78,32
623,Paula,Chavez,pchavezha@reddit.com,Female,235.94.119.213,71
624,Virginia,Banks,vbankshb@etsy.com,Female,143.4.73.35,62
625,Patricia,Banks,pbankshc@flickr.com,Female,227.131.35.6,14
626,Billy,Rodriguez,brodriguezhd@cloudflare.com,Male,191.128.179.138,27
627,Lisa,Reyes,lreyeshe@1688.com,Female,172.130.224.97,38
628,Steve,Hunter,shunterhf@liveinternet.ru,Male,162.157.69.7,65
629,David,Richards,drichardshg@ed.gov,Male,170.218.231.10,62
630,Jack,James,jjameshh@theguardian.com,Male,220.66.145.11,70
631,Pamela,Wilson,pwilsonhi@de.vu,Female,66.4.234.128,15
632,Mildred,Miller,mmillerhj@fotki.com,Female,23.184.90.100,46
633,Russell,Hughes,rhugheshk@vinaora.com,Male,4.131.45.142,72
634,Arthur,Ward,awardhl@wordpress.org,Male,244.67.70.185,68
635,Rose,Dunn,rdunnhm@dmoz.org,Female,11.112.39.139,67
636,Janet,Powell,jpowellhn@weather.com,Female,116.194.170.89,37
637,Martin,Chapman,mchapmanho@domainmarket.com,Male,168.255.203.0,53
638,Ruby,Jenkins,rjenkinshp@wired.com,Female,112.174.230.47,10
639,Gary,Burton,gburtonhq@wikipedia.org,Male,45.212.95.1,78
640,Gregory,Alvarez,galvarezhr@dailymail.co.uk,Male,236.205.195.152,15
641,Karen,Green,kgreenhs@soup.io,Female,201.247.145.118,64
642,Jose,King,jkinght@marriott.com,Male,0.96.19.180,47
643,Alice,Cox,acoxhu@jalbum.net,Female,74.222.27.175,77
644,Cheryl,Daniels,cdanielshv@mit.edu,Female,204.133.200.20,11
645,Debra,Harvey,dharveyhw@irs.gov,Female,151.87.65.91,53
646,Marie,Simmons,msimmonshx@tmall.com,Female,82.236.77.25,15
647,Donald,Henry,dhenryhy@wikipedia.org,Male,196.81.169.217,71
648,Nicholas,King,nkinghz@exblog.jp,Male,235.93.22.168,50
649,Philip,Collins,pcollinsi0@omniture.com,Male,234.213.240.37,71
650,Laura,Reyes,lreyesi1@weebly.com,Female,63.224.189.57,46
651,Jerry,Howell,jhowelli2@goodreads.com,Male,213.216.113.21,60
652,Christine,Alexander,calexanderi3@reuters.com,Female,59.128.162.228,39
653,Randy,Franklin,rfranklini4@squidoo.com,Male,233.18.43.219,52
654,Chris,Hill,chilli5@bravesites.com,Male,177.4.148.2,69
655,Shirley,Moreno,smorenoi6@cbslocal.com,Female,12.155.226.136,28
656,Kevin,Howard,khowardi7@shop-pro.jp,Male,209.69.199.156,67
657,Benjamin,Cox,bcoxi8@pbs.org,Male,189.182.82.129,77
658,Roger,Sims,rsimsi9@princeton.edu,Male,176.182.242.82,55
659,Julia,Green,jgreenia@mtv.com,Female,29.66.29.100,26
660,John,Gibson,jgibsonib@deviantart.com,Male,186.43.85.185,41
661,Martha,Ford,mfordic@merriam-webster.com,Female,27.16.254.155,79
662,Ashley,Richards,arichardsid@liveinternet.ru,Female,213.121.212.90,33
663,Karen,Jones,kjonesie@shinystat.com,Female,164.22.245.206,66
664,Martha,Fields,mfieldsif@google.es,Female,7.91.105.13,45
665,Norma,Fox,nfoxig@cnn.com,Female,251.169.95.213,35
666,Robert,Hernandez,rhernandezih@a8.net,Male,48.224.90.183,50
667,Jennifer,Lee,jleeii@bigcartel.com,Female,14.85.47.248,54
668,Judith,Gordon,jgordonij@zdnet.com,Female,208.138.78.241,35
669,Amanda,Johnson,ajohnsonik@nationalgeographic.com,Female,126.202.135.219,18
670,Ernest,Woods,ewoodsil@csmonitor.com,Male,225.117.220.73,48
671,Christopher,Price,cpriceim@si.edu,Male,2.26.212.154,80
672,Rose,Parker,rparkerin@nps.gov,Female,244.196.31.47,78
673,Chris,Carpenter,ccarpenterio@google.cn,Male,210.190.146.102,29
674,Keith,Fields,kfieldsip@gizmodo.com,Male,244.98.192.121,48
675,Teresa,Moreno,tmorenoiq@cisco.com,Female,252.185.209.170,21
676,Ann,Austin,aaustinir@g.co,Female,56.254.181.255,65
677,Johnny,Collins,jcollinsis@mapy.cz,Male,250.25.139.9,15
678,Antonio,Turner,aturnerit@army.mil,Male,162.54.32.98,10
679,Judy,Flores,jfloresiu@geocities.com,Female,177.26.119.120,20
680,Russell,Nichols,rnicholsiv@diigo.com,Male,13.88.7.174,51
681,Mary,West,mwestiw@cam.ac.uk,Female,173.156.190.94,79
682,Betty,Gray,bgrayix@psu.edu,Female,52.159.66.205,56
683,Diana,Ramirez,dramireziy@berkeley.edu,Female,133.16.241.202,14
684,Jason,Hernandez,jhernandeziz@apache.org,Male,94.151.192.165,42
685,Lori,Gardner,lgardnerj0@joomla.org,Female,253.244.6.35,77
686,Wayne,Stone,wstonej1@xing.com,Male,182.226.12.146,51
687,Jesse,Thompson,jthompsonj2@squarespace.com,Male,231.23.81.122,70
688,Bruce,Gray,bgrayj3@cpanel.net,Male,204.54.19.139,72
689,Johnny,Sims,jsimsj4@bloomberg.com,Male,39.236.116.178,40
690,Amy,Jordan,ajordanj5@economist.com,Female,250.225.210.129,54
691,Lisa,Lee,lleej6@dagondesign.com,Female,175.188.70.125,72
692,Willie,Cook,wcookj7@macromedia.com,Male,91.16.3.45,38
693,Nicole,Holmes,nholmesj8@zimbio.com,Female,97.141.116.57,32
694,Brenda,Cook,bcookj9@webeden.co.uk,Female,80.213.196.252,56
695,Evelyn,Smith,esmithja@nsw.gov.au,Female,132.89.102.28,57
696,Diane,Harvey,dharveyjb@ucoz.ru,Female,254.7.119.187,44
697,Donna,Carpenter,dcarpenterjc@sohu.com,Female,153.247.162.68,33
698,Jennifer,Baker,jbakerjd@rediff.com,Female,85.157.140.184,24
699,Susan,Olson,solsonje@sciencedirect.com,Female,52.228.174.81,54
700,Jack,Scott,jscottjf@epa.gov,Male,128.62.91.236,58
701,Ruth,Williamson,rwilliamsonjg@marriott.com,Female,47.28.146.32,47
702,Jonathan,Black,jblackjh@so-net.ne.jp,Male,205.182.46.164,48
703,Andrea,Reed,areedji@theguardian.com,Female,20.3.16.52,11
704,Carl,Smith,csmithjj@si.edu,Male,221.177.77.246,27
705,Kelly,Turner,kturnerjk@wired.com,Female,122.199.244.9,49
706,Joe,Olson,jolsonjl@marketwatch.com,Male,32.226.214.55,14
707,Randy,Dean,rdeanjm@yale.edu,Male,178.170.168.24,69
708,Kimberly,Grant,kgrantjn@pcworld.com,Female,161.235.58.234,48
709,Louis,Olson,lolsonjo@homestead.com,Male,218.92.214.49,75
710,Patricia,Simpson,psimpsonjp@privacy.gov.au,Female,56.228.85.236,24
711,Annie,Ruiz,aruizjq@tinyurl.com,Female,216.225.204.123,69
712,Michael,Castillo,mcastillojr@yandex.ru,Male,42.185.38.73,67
713,Nancy,Davis,ndavisjs@photobucket.com,Female,232.24.57.61,15
714,Richard,Johnston,rjohnstonjt@ox.ac.uk,Male,197.134.109.164,52
715,Patrick,Rivera,priveraju@bluehost.com,Male,130.169.41.183,15
716,Phyllis,Alexander,palexanderjv@cafepress.com,Female,149.137.171.96,55
717,Diana,Nichols,dnicholsjw@trellian.com,Female,11.74.124.119,49
718,Bonnie,Hicks,bhicksjx@sakura.ne.jp,Female,121.119.171.122,37
719,Clarence,Spencer,cspencerjy@cam.ac.uk,Male,56.223.120.71,47
720,Anna,Wells,awellsjz@godaddy.com,Female,44.54.149.26,75
721,Ruby,Morales,rmoralesk0@amazon.com,Female,164.219.99.127,20
722,Gerald,Alvarez,galvarezk1@state.tx.us,Male,236.39.118.196,12
723,Mark,Shaw,mshawk2@yahoo.co.jp,Male,11.87.6.154,42
724,Kathleen,Hughes,khughesk3@amazon.co.jp,Female,242.67.121.245,73
725,Stephen,James,sjamesk4@timesonline.co.uk,Male,220.55.210.92,17
726,Shirley,Ruiz,sruizk5@psu.edu,Female,246.24.138.184,67
727,Phyllis,Chavez,pchavezk6@nbcnews.com,Female,176.17.6.247,23
728,Annie,Washington,awashingtonk7@etsy.com,Female,19.204.62.130,67
729,Aaron,Burke,aburkek8@mtv.com,Male,19.7.13.203,73
730,Annie,Taylor,ataylork9@instagram.com,Female,128.197.141.198,68
731,Ryan,Carr,rcarrka@slate.com,Male,184.216.5.169,50
732,Marie,Ruiz,mruizkb@github.io,Female,194.247.73.124,19
733,Dorothy,Barnes,dbarneskc@google.cn,Female,32.200.122.180,36
734,Wanda,Henry,whenrykd@edublogs.org,Female,4.121.37.219,43
735,Deborah,Ward,dwardke@rakuten.co.jp,Female,115.126.104.5,27
736,Fred,Elliott,felliottkf@over-blog.com,Male,48.85.50.240,78
737,Christine,Russell,crussellkg@wisc.edu,Female,193.217.232.40,39
738,Eugene,Bell,ebellkh@technorati.com,Male,129.136.42.25,78
739,Willie,Murray,wmurrayki@acquirethisname.com,Male,186.53.137.174,55
740,Joseph,Harris,jharriskj@newsvine.com,Male,243.237.144.9,38
741,Heather,Collins,hcollinskk@about.me,Female,185.11.203.176,18
742,Lisa,Burns,lburnskl@hhs.gov,Female,17.45.71.161,27
743,Jeffrey,Jacobs,jjacobskm@smugmug.com,Male,223.15.137.92,31
744,Steven,Burton,sburtonkn@cnet.com,Male,93.160.79.217,48
745,Lillian,Cox,lcoxko@tumblr.com,Female,18.180.233.101,77
746,Sandra,Hudson,shudsonkp@blogger.com,Female,34.97.53.184,56
747,Eric,Cunningham,ecunninghamkq@photobucket.com,Male,230.43.140.159,37
748,Raymond,Hughes,rhugheskr@amazon.co.uk,Male,179.166.127.209,28
749,Jack,Jackson,jjacksonks@seesaa.net,Male,235.177.127.14,70
750,Roger,Fernandez,rfernandezkt@mashable.com,Male,226.96.167.104,11
751,Theresa,Lawson,tlawsonku@npr.org,Female,227.160.148.100,11
752,Edward,Simmons,esimmonskv@joomla.org,Male,196.178.255.244,38
753,David,Carroll,dcarrollkw@fastcompany.com,Male,14.242.38.79,51
754,Jonathan,Elliott,jelliottkx@drupal.org,Male,140.50.16.249,48
755,Julie,Bennett,jbennettky@opensource.org,Female,48.235.237.218,30
756,Diane,Cole,dcolekz@dailymail.co.uk,Female,195.136.74.247,54
757,Cheryl,Andrews,candrewsl0@ucla.edu,Female,47.24.147.39,28
758,Stephanie,Johnson,sjohnsonl1@lulu.com,Female,196.5.228.135,26
759,Betty,Fowler,bfowlerl2@telegraph.co.uk,Female,167.75.103.127,47
760,Chris,Taylor,ctaylorl3@washington.edu,Male,132.242.242.74,46
761,Sharon,Romero,sromerol4@nationalgeographic.com,Female,71.57.28.147,50
762,Douglas,Ross,drossl5@gov.uk,Male,163.134.162.171,73
763,Michelle,Gonzales,mgonzalesl6@tinypic.com,Female,168.11.227.217,42
764,Jonathan,Sanchez,jsanchezl7@ycombinator.com,Male,73.232.8.206,32
765,Frank,Mitchell,fmitchelll8@engadget.com,Male,36.218.66.114,59
766,Sara,Bryant,sbryantl9@princeton.edu,Female,232.98.114.40,17
767,Samuel,Morgan,smorganla@scribd.com,Male,65.139.94.239,25
768,Kelly,Daniels,kdanielslb@weebly.com,Female,72.101.74.11,69
769,Gloria,Montgomery,gmontgomerylc@joomla.org,Female,243.232.212.95,57
770,Steven,Ruiz,sruizld@eventbrite.com,Male,237.251.119.24,62
771,Angela,Woods,awoodsle@hatena.ne.jp,Female,53.103.163.226,58
772,Jesse,Berry,jberrylf@dmoz.org,Male,82.174.94.151,44
773,Diane,Diaz,ddiazlg@a8.net,Female,140.76.73.208,68
774,Kenneth,Garrett,kgarrettlh@washingtonpost.com,Male,134.28.53.129,77
775,Sean,Thompson,sthompsonli@washingtonpost.com,Male,45.134.28.37,25
776,Carol,Boyd,cboydlj@icq.com,Female,134.65.248.101,43
777,Raymond,Carpenter,rcarpenterlk@youtube.com,Male,43.231.103.83,14
778,Kevin,West,kwestll@prnewswire.com,Male,45.89.84.191,48
779,Sharon,Peterson,spetersonlm@typepad.com,Female,237.197.187.24,48
780,Eric,Webb,ewebbln@nhs.uk,Male,4.111.65.180,79
781,Jerry,Torres,jtorreslo@businesswire.com,Male,133.220.164.101,76
782,Kelly,Roberts,krobertslp@un.org,Female,123.184.28.26,48
783,Rachel,Brown,rbrownlq@skype.com,Female,239.5.212.168,41
784,Doris,Moreno,dmorenolr@hugedomains.com,Female,152.122.109.193,36
785,Kenneth,Riley,krileyls@plala.or.jp,Male,179.211.197.138,14
786,Steven,Bailey,sbaileylt@about.com,Male,166.159.77.48,61
787,Janet,Mcdonald,jmcdonaldlu@com.com,Female,116.13.147.79,14
788,Craig,Ross,crosslv@sina.com.cn,Male,225.74.156.202,27
789,Doris,Johnston,djohnstonlw@issuu.com,Female,86.122.13.217,35
790,Christina,Andrews,candrewslx@youtu.be,Female,30.204.74.1,39
791,Alice,Murphy,amurphyly@epa.gov,Female,13.42.31.179,69
792,Emily,James,ejameslz@bbb.org,Female,200.240.85.53,14
793,Kelly,Sullivan,ksullivanm0@who.int,Female,207.184.238.134,31
794,Sara,Thompson,sthompsonm1@merriam-webster.com,Female,69.7.149.60,37
795,Karen,Freeman,kfreemanm2@vinaora.com,Female,79.158.14.148,23
796,Jacqueline,Wright,jwrightm3@chron.com,Female,236.55.62.35,66
797,Donald,Patterson,dpattersonm4@umich.edu,Male,35.96.116.9,37
798,Diana,Graham,dgrahamm5@independent.co.uk,Female,210.34.250.52,24
799,Donna,Hanson,dhansonm6@hatena.ne.jp,Female,2.247.207.206,54
800,Phyllis,Sanders,psandersm7@amazon.co.uk,Female,181.15.127.220,43
801,Pamela,Austin,paustinm8@gnu.org,Female,91.171.155.2,33
802,Rachel,Murray,rmurraym9@whitehouse.gov,Female,79.235.253.221,19
803,Jennifer,Armstrong,jarmstrongma@nydailynews.com,Female,59.81.195.46,47
804,Irene,Black,iblackmb@twitter.com,Female,150.79.149.68,36
805,Lawrence,Miller,lmillermc@dmoz.org,Male,93.67.94.173,53
806,Patricia,Marshall,pmarshallmd@gov.uk,Female,236.108.66.217,15
807,Harold,Spencer,hspencerme@oracle.com,Male,99.180.201.55,71
808,Adam,Sullivan,asullivanmf@eepurl.com,Male,127.251.128.183,63
809,Patricia,Sims,psimsmg@nba.com,Female,169.65.247.174,24
810,Howard,Shaw,hshawmh@google.com.br,Male,163.8.215.182,45
811,Juan,Gonzales,jgonzalesmi@walmart.com,Male,131.201.168.175,53
812,Jimmy,Jackson,jjacksonmj@un.org,Male,15.7.180.94,60
813,Catherine,Jacobs,cjacobsmk@shareasale.com,Female,187.148.139.72,76
814,Kathy,Jacobs,kjacobsml@domainmarket.com,Female,233.102.41.225,46
815,Anthony,Williams,awilliamsmm@bigcartel.com,Male,185.114.0.194,55
816,Samuel,Simmons,ssimmonsmn@digg.com,Male,76.179.253.114,32
817,Beverly,Porter,bportermo@ifeng.com,Female,23.211.124.247,16
818,Janice,Gordon,jgordonmp@usa.gov,Female,17.104.183.184,54
819,Bruce,Bell,bbellmq@oakley.com,Male,220.206.137.38,15
820,Benjamin,Jackson,bjacksonmr@is.gd,Male,155.68.242.235,17
821,Jessica,Carpenter,jcarpenterms@rakuten.co.jp,Female,204.50.157.12,29
822,Jesse,Bennett,jbennettmt@home.pl,Male,85.24.172.213,41
823,Jacqueline,Gonzales,jgonzalesmu@e-recht24.de,Female,114.139.218.159,23
824,Jason,Holmes,jholmesmv@jimdo.com,Male,197.44.192.188,44
825,Rachel,Rodriguez,rrodriguezmw@is.gd,Female,138.181.224.140,43
826,Paul,Morrison,pmorrisonmx@samsung.com,Male,69.88.208.127,36
827,Sara,Jordan,sjordanmy@geocities.com,Female,61.30.102.15,12
828,Teresa,Taylor,ttaylormz@umn.edu,Female,154.208.173.247,43
829,Alice,Anderson,aandersonn0@webnode.com,Female,187.120.161.106,35
830,Gerald,Roberts,grobertsn1@moonfruit.com,Male,124.70.107.62,80
831,Jason,Scott,jscottn2@blogger.com,Male,109.25.72.17,36
832,Jose,Fields,jfieldsn3@issuu.com,Male,111.38.37.32,17
833,Annie,Palmer,apalmern4@washington.edu,Female,130.209.101.26,16
834,Ernest,Cook,ecookn5@answers.com,Male,74.107.229.242,70
835,Thomas,Graham,tgrahamn6@cnet.com,Male,144.97.18.192,33
836,Jessica,Austin,jaustinn7@photobucket.com,Female,186.10.186.27,69
837,Arthur,Pierce,apiercen8@yellowpages.com,Male,145.239.175.213,45
838,Theresa,Mendoza,tmendozan9@alexa.com,Female,102.11.148.69,36
839,Lois,Hunt,lhuntna@chicagotribune.com,Female,44.233.160.88,67
840,Catherine,Turner,cturnernb@nasa.gov,Female,36.193.245.151,30
841,Susan,Webb,swebbnc@imageshack.us,Female,74.91.198.242,31
842,Alan,Dean,adeannd@census.gov,Male,241.134.112.86,64
843,Laura,Berry,lberryne@mlb.com,Female,250.184.193.48,47
844,Doris,Perez,dpereznf@nydailynews.com,Female,217.208.193.188,33
845,Terry,Taylor,ttaylorng@arstechnica.com,Male,142.203.232.84,73
846,Debra,Brooks,dbrooksnh@psu.edu,Female,220.103.225.119,22
847,Jose,Reed,jreedni@hao123.com,Male,244.164.30.32,38
848,Benjamin,Jackson,bjacksonnj@wix.com,Male,78.121.21.75,30
849,Lori,Campbell,lcampbellnk@mapy.cz,Female,155.105.15.18,62
850,Gregory,Howell,ghowellnl@dyndns.org,Male,208.109.193.67,78
851,Harold,James,hjamesnm@ox.ac.uk,Male,103.184.31.11,17
852,Rachel,Gilbert,rgilbertnn@nytimes.com,Female,119.7.16.101,79
853,Eric,Ferguson,efergusonno@hostgator.com,Male,179.203.94.122,69
854,Sarah,Daniels,sdanielsnp@irs.gov,Female,69.224.97.15,48
855,Justin,Bowman,jbowmannq@etsy.com,Male,41.15.4.24,37
856,Jack,Alexander,jalexandernr@tripod.com,Male,162.75.26.51,39
857,Robin,Smith,rsmithns@geocities.jp,Female,231.105.246.255,13
858,Brenda,Palmer,bpalmernt@webs.com,Female,23.245.230.26,53
859,Louise,Hernandez,lhernandeznu@bigcartel.com,Female,244.150.199.30,53
860,Andrea,Brooks,abrooksnv@flickr.com,Female,41.66.70.185,41
861,Marie,Kennedy,mkennedynw@ustream.tv,Female,203.123.149.165,60
862,Heather,Alvarez,halvareznx@cbsnews.com,Female,200.236.177.66,67
863,Jerry,Perry,jperryny@bloglovin.com,Male,95.28.180.203,15
864,Lois,Diaz,ldiaznz@alibaba.com,Female,214.129.3.178,66
865,Anne,Patterson,apattersono0@zimbio.com,Female,227.106.238.243,11
866,Jane,Russell,jrussello1@barnesandnoble.com,Female,230.117.16.119,14
867,Matthew,Jones,mjoneso2@mtv.com,Male,157.76.108.242,77
868,Janice,Anderson,jandersono3@usatoday.com,Female,178.214.93.127,77
869,Andrea,Hawkins,ahawkinso4@nba.com,Female,37.114.36.20,62
870,John,Sullivan,jsullivano5@prnewswire.com,Male,83.25.148.11,67
871,David,Wagner,dwagnero6@surveymonkey.com,Male,10.91.41.136,35
872,Amy,Cook,acooko7@senate.gov,Female,118.91.21.65,12
873,Eugene,George,egeorgeo8@guardian.co.uk,Male,55.205.225.212,32
874,Elizabeth,Price,epriceo9@pinterest.com,Female,115.120.91.94,18
875,Judy,Hudson,jhudsonoa@shareasale.com,Female,154.41.78.137,41
876,Ruby,Jenkins,rjenkinsob@si.edu,Female,92.138.70.73,60
877,Stephen,Kennedy,skennedyoc@wp.com,Male,111.210.137.154,51
878,Kathleen,Gilbert,kgilbertod@jimdo.com,Female,51.90.244.207,15
879,Evelyn,Crawford,ecrawfordoe@tuttocitta.it,Female,108.51.164.243,62
880,Christine,Duncan,cduncanof@go.com,Female,74.187.58.217,16
881,Willie,Richards,wrichardsog@wikia.com,Male,129.189.177.127,59
882,Alan,Hanson,ahansonoh@ning.com,Male,162.0.155.240,13
883,Daniel,Robinson,drobinsonoi@yelp.com,Male,80.137.100.43,62
884,Frank,Hayes,fhayesoj@examiner.com,Male,119.78.148.137,73
885,Helen,Hicks,hhicksok@51.la,Female,34.109.246.78,72
886,Carol,Little,clittleol@istockphoto.com,Female,116.62.199.211,56
887,Nicole,Castillo,ncastilloom@sina.com.cn,Female,210.56.131.212,53
888,Andrea,Shaw,ashawon@nytimes.com,Female,24.162.54.147,42
889,Katherine,Andrews,kandrewsoo@cafepress.com,Female,48.17.166.41,78
890,Betty,Dean,bdeanop@live.com,Female,94.18.197.52,29
891,Pamela,Lee,pleeoq@economist.com,Female,184.141.121.65,12
892,Deborah,Anderson,dandersonor@biblegateway.com,Female,53.152.74.1,21
893,Benjamin,Mccoy,bmccoyos@ezinearticles.com,Male,180.25.8.26,27
894,Nicholas,Austin,naustinot@telegraph.co.uk,Male,247.90.67.32,78
895,Julie,Morgan,jmorganou@state.gov,Female,193.102.17.15,54
896,Barbara,Allen,ballenov@dion.ne.jp,Female,16.123.15.159,42
897,Anne,Anderson,aandersonow@eventbrite.com,Female,173.102.63.52,59
898,Mark,Gordon,mgordonox@liveinternet.ru,Male,92.228.41.217,43
899,Adam,Boyd,aboydoy@1688.com,Male,76.194.187.245,24
900,Jeffrey,Marshall,jmarshalloz@twitpic.com,Male,12.32.114.225,69
901,Rachel,Harris,rharrisp0@seattletimes.com,Female,190.5.129.68,78
902,Elizabeth,Carr,ecarrp1@nasa.gov,Female,162.152.191.85,65
903,Ryan,Baker,rbakerp2@hp.com,Male,121.101.249.226,69
904,Dennis,Perkins,dperkinsp3@state.gov,Male,84.62.68.106,65
905,Keith,Perry,kperryp4@discuz.net,Male,238.178.91.232,66
906,Gregory,Coleman,gcolemanp5@cyberchimps.com,Male,182.52.187.35,54
907,Stephanie,Crawford,scrawfordp6@delicious.com,Female,236.138.18.162,15
908,Elizabeth,Butler,ebutlerp7@state.gov,Female,131.222.212.70,40
909,Beverly,Clark,bclarkp8@patch.com,Female,148.132.170.132,31
910,Kathy,Adams,kadamsp9@yellowbook.com,Female,37.212.246.126,47
911,Tina,Carter,tcarterpa@wufoo.com,Female,83.112.75.212,22
912,Roy,Grant,rgrantpb@posterous.com,Male,186.14.93.241,41
913,Janet,Arnold,jarnoldpc@dailymail.co.uk,Female,138.147.46.54,35
914,Kathryn,Perry,kperrypd@canalblog.com,Female,121.138.243.56,30
915,John,Cole,jcolepe@google.com.au,Male,72.188.177.82,49
916,Ryan,Grant,rgrantpf@state.gov,Male,96.160.93.33,65
917,Rebecca,Ross,rrosspg@ask.com,Female,10.55.111.24,40
918,Kathryn,Warren,kwarrenph@odnoklassniki.ru,Female,164.4.219.231,36
919,Sara,Alvarez,salvarezpi@360.cn,Female,107.16.107.108,71
920,Arthur,Perry,aperrypj@dropbox.com,Male,112.116.201.170,18
921,Rose,Howell,rhowellpk@reuters.com,Female,40.247.100.106,47
922,Michael,Franklin,mfranklinpl@e-recht24.de,Male,152.127.219.45,66
923,Justin,Daniels,jdanielspm@vimeo.com,Male,149.19.144.64,33
924,Melissa,Mcdonald,mmcdonaldpn@weebly.com,Female,104.17.47.135,11
925,Carol,Gomez,cgomezpo@godaddy.com,Female,134.84.16.81,53
926,Gary,Griffin,ggriffinpp@nyu.edu,Male,30.118.217.134,75
927,Ashley,Rice,aricepq@apache.org,Female,242.120.78.54,65
928,Jimmy,Rodriguez,jrodriguezpr@skype.com,Male,166.88.141.170,65
929,Tina,Bailey,tbaileyps@addtoany.com,Female,228.73.99.32,33
930,Jimmy,Chapman,jchapmanpt@instagram.com,Male,65.141.235.7,10
931,Harold,Gordon,hgordonpu@homestead.com,Male,12.75.24.238,21
932,Carl,Riley,crileypv@china.com.cn,Male,203.26.68.87,67
933,Annie,Duncan,aduncanpw@cloudflare.com,Female,253.246.223.180,17
934,Lori,Edwards,ledwardspx@yahoo.co.jp,Female,176.174.125.83,13
935,Peter,Sanders,psanderspy@furl.net,Male,160.127.13.123,21
936,Phillip,Simmons,psimmonspz@digg.com,Male,145.54.52.83,51
937,Evelyn,Harper,eharperq0@blog.com,Female,18.93.235.55,18
938,Carlos,Garza,cgarzaq1@google.de,Male,68.126.119.80,60
939,Lois,Baker,lbakerq2@patch.com,Female,80.213.140.226,21
940,Ann,Andrews,aandrewsq3@usnews.com,Female,145.23.15.70,53
941,Edward,Mills,emillsq4@prnewswire.com,Male,47.216.96.131,56
942,Kenneth,Mitchell,kmitchellq5@51.la,Male,244.52.42.43,18
943,Gary,Smith,gsmithq6@businessinsider.com,Male,123.78.234.98,59
944,Jesse,Allen,jallenq7@seattletimes.com,Male,163.64.147.229,78
945,Paul,Stanley,pstanleyq8@shutterfly.com,Male,27.8.42.21,28
946,Angela,Burke,aburkeq9@pbs.org,Female,184.121.59.212,50
947,Maria,Hawkins,mhawkinsqa@icio.us,Female,113.203.238.221,41
948,Paul,Carpenter,pcarpenterqb@smugmug.com,Male,231.30.47.136,46
949,Mary,Carr,mcarrqc@ezinearticles.com,Female,0.34.182.253,43
950,Heather,Hall,hhallqd@ezinearticles.com,Female,121.155.116.142,46
951,Chris,Bailey,cbaileyqe@addthis.com,Male,236.19.77.2,25
952,David,Hayes,dhayesqf@1und1.de,Male,77.2.115.32,31
953,Barbara,Bailey,bbaileyqg@eventbrite.com,Female,128.18.239.80,10
954,Brian,Washington,bwashingtonqh@pen.io,Male,74.42.157.40,36
955,Anna,Myers,amyersqi@state.gov,Female,211.41.234.248,46
956,Donna,Hanson,dhansonqj@wikipedia.org,Female,117.55.27.243,38
957,Doris,Bailey,dbaileyqk@bbc.co.uk,Female,39.250.6.100,10
958,Louis,Gilbert,lgilbertql@myspace.com,Male,26.29.41.74,35
959,Debra,Thomas,dthomasqm@feedburner.com,Female,88.140.102.196,55
960,Phillip,Cole,pcoleqn@g.co,Male,115.207.71.250,20
961,Joseph,Jackson,jjacksonqo@amazon.com,Male,47.30.7.161,59
962,Charles,Peterson,cpetersonqp@so-net.ne.jp,Male,211.27.110.78,21
963,Dennis,Lewis,dlewisqq@infoseek.co.jp,Male,166.38.178.91,53
964,Benjamin,Reyes,breyesqr@indiegogo.com,Male,241.138.147.205,48
965,Keith,Alvarez,kalvarezqs@reverbnation.com,Male,55.255.138.100,32
966,Gloria,Ruiz,gruizqt@ucsd.edu,Female,210.55.195.92,73
967,Peter,George,pgeorgequ@fema.gov,Male,87.144.246.31,40
968,Andrea,Austin,aaustinqv@squarespace.com,Female,206.36.69.33,64
969,Richard,Young,ryoungqw@purevolume.com,Male,43.207.106.213,54
970,Norma,Lane,nlaneqx@berkeley.edu,Female,148.144.195.187,17
971,Diana,Henderson,dhendersonqy@flavors.me,Female,67.160.23.92,63
972,Kenneth,Crawford,kcrawfordqz@baidu.com,Male,131.227.31.87,23
973,Jacqueline,Pierce,jpiercer0@myspace.com,Female,103.145.172.70,61
974,Daniel,Gomez,dgomezr1@timesonline.co.uk,Male,233.244.114.33,44
975,Walter,Knight,wknightr2@sourceforge.net,Male,98.147.161.169,45
976,Betty,Roberts,brobertsr3@scribd.com,Female,251.69.70.123,66
977,Marie,Hawkins,mhawkinsr4@google.com.br,Female,93.124.28.33,35
978,Craig,Gordon,cgordonr5@wordpress.com,Male,66.69.78.96,53
979,Tina,Fernandez,tfernandezr6@w3.org,Female,95.35.8.12,76
980,Carolyn,Ruiz,cruizr7@cafepress.com,Female,215.143.219.114,58
981,Janet,Bell,jbellr8@github.com,Female,186.55.198.181,50
982,Linda,Mills,lmillsr9@ask.com,Female,21.172.69.144,68
983,Cheryl,Ramirez,cramirezra@skype.com,Female,185.21.195.91,80
984,Gregory,Cox,gcoxrb@surveymonkey.com,Male,172.19.128.143,45
985,Ann,Schmidt,aschmidtrc@wiley.com,Female,123.132.89.242,49
986,Adam,Franklin,afranklinrd@vkontakte.ru,Male,84.169.108.42,71
987,Louis,Peterson,lpetersonre@sun.com,Male,218.60.130.148,21
988,Antonio,Carpenter,acarpenterrf@studiopress.com,Male,221.204.63.1,51
989,Mark,Fields,mfieldsrg@china.com.cn,Male,199.243.44.241,63
990,Marie,Fuller,mfullerrh@sakura.ne.jp,Female,6.38.74.114,74
991,Jonathan,Moore,jmooreri@indiegogo.com,Male,196.80.64.236,76
992,Sharon,Long,slongrj@aol.com,Female,42.106.146.102,55
993,Frances,Rivera,friverark@cnn.com,Female,100.96.84.177,12
994,Wanda,Kelley,wkelleyrl@ted.com,Female,104.30.155.168,44
995,Carol,Harris,charrisrm@mlb.com,Female,195.25.185.115,73
996,Diana,Kelly,dkellyrn@vimeo.com,Female,11.95.66.46,10
997,Louis,Shaw,lshawro@1688.com,Male,74.231.185.166,77
998,Justin,Meyer,jmeyerrp@ehow.com,Male,82.81.38.232,72
999,Willie,Martinez,wmartinezrq@arizona.edu,Male,56.75.252.113,26
1000,Aaron,Morrison,amorrisonrr@alibaba.com,Male,199.236.142.60,61
